﻿<?xml version="1.0"?>
<dpInst>
    <language code="0x0409">
        <dpinstTitle>SPI Rack Driver Installer</dpinstTitle>

        <welcomeTitle>Welcome to the QuTech SPI Rack driver installer!</welcomeTitle>
        <welcomeIntro>This wizard will walk you through installing the drivers for your SPI Rack.</welcomeIntro>

        <installHeaderTitle>Installing the software for your SPI Rack...</installHeaderTitle>

        <finishTitle>Congratulations! You are finished installing your SPI Rack device.</finishTitle>
    </language>

    <watermarkPath>images/QutechLogo.bmp</watermarkPath>
    <headerPath>images/QutechHeader.bmp</headerPath>

    <search>
        <subDirectory>drivers</subDirectory>
    </search>

    <scanHardware/>

    <legacyMode/>
</dpInst>
